ticker,Subreddit,Title,Comments
V,stocks,Thoughts on Canadian Solar (CSIQ),"I like solar and was also eyeing CSIQ but the one thing that keeps me from buying is the same thing why I think Tesla is fucked: China is pumping out high quality PV panels like they are pumping out EVs. It's a commodity.¬†


Also, energy prices have come down considerably, thus the (rise and) fall in PV stocks. And grids need to be prepared for more PV to come online. That'll lead to some delay in"
V,stocks,How does SPY rebalance its portfolio without bleeding capital?,"I'd like to know too! ChatGPT says""

The SPY, or SPDR S&P 500 ETF, aims to replicate the performance of the S&P 500 Index, which consists of the 500 largest companies listed on stock exchanges in the United States. Your observations touch upon some fundamental aspects of how indexed funds and ETFs work, and the concerns about buying high and selling low are common inquiries.

Here‚Äôs how the SPY ma | You seem knowledgeable in this, so I have a question for you.   

Since the top 5 stocks are roughly 20% of the fund, don't you start seeing a self fulfilling function of pumping up those stocks?

I've always wondered if passive investing has messed with the price discovery of stocks since if I invest $10,000 in VTI, approx 620 goes to msft and 540 goes to aapl, while something like service now (n"
V,stocks,Question about RSUs - Vesting/Selling/Taxes,"Upon Vest, you ‚Äúpurchase‚Äù the shares and that is your basis, so it‚Äôs short term until 365 days passes. Be mindful because if there are multiple grants vesting, that‚Äôs multiple lot purchases within 30 days. Any sell for a loss is then a wash sale. It is often the case that companies only withhold 22% on RSUs, so it‚Äôs good practice to put some cash aside for April."
BA,stocks,The monthly BLS employment data seems to show economy doing OK without having to lower interest rates,"This is the same problem with any aggregated data.  There is a reason we talk about mean versus median versus mode in stats.  Then you get into things like bimodal distributions, or other more complex arrangements of data points that can be hard to boil down to nice easily digestible headlines.

So the end result is two different authors can write articles titled ""ECONOMY GOOD"" and ""ECONOMY BAD"" a"
HON,stocks,"r/Stocks Daily Discussion & Fundamentals Friday Apr 05, 2024",Do not overlook $HON - Building Automation
PG,stocks,What's the deal with ARM and how come it doesn't make any money?,">It was a Hail Mary by Jensen Huang around 2015

Much earlier, they poached a PhD student in the mid-late 2000s who did a thesis around GPGPU to create the first versions of CUDA."
CRM,stocks,"Alphabet reportedly weighing offer for HubSpot, sending shares up 9%","Is this why CRM dumped in the morning? | Yes because Google has low CRM market and is only 30% of ad market broadly. | Google does not have a CRM suit, they are not the only player. It makes sense as it diversify their offering, make their product sticker, especially if the need to back off in the digital ad space. | Seriously, like what???  I‚Äôve used all CRMs and HubSpot is my favorite by a long shot. | It would obviously strengthen their CRM offering to be probably market-leading the instant it went through. Anyone pretending otherwise is kidding themselves. | It diversifies there portfolio with an increasing market for CRM, you would get a tighter integration of GA, more concise first party data, a full suite of ads + front/back-office and bring a full suite to market. I know HubSpot has some AI but Google could add a lot more to this. And they are sitting on about $100B in cash not that they would offer up all cash. Also it would add some good top lin | Not true. Activision didn‚Äôt sail through and there were a number of clauses they had to succumb to. LinkedIn was fairly easy but it‚Äôs because they literally had zero social media presence, with no adjacent businesses, bing even more infinitesimal than it is now and was a while ago. 

This Hubspot one could easily come under scrutiny since Google is in the marketing space, is actively undergoing an"
NKE,stocks,Under Armor (UAA) - Looks too cheap,"Valuation alone does not give margin of safety. Hidden assets or recurring revenues or some other thing will give it. 

It could be they have a brand that can be revived and if they can manage the inventory better and start to rebuild NI margin towards the 10% of NKE, they would have been an attractive buy here as they will then be on a 5x pe in that case on today's mkt cap.

The question is: have"
PG,stocks,Ford to delay all-electric SUV to focus on offering hybrid vehicles,"The Ford Fusion hybrid was a great car, so of course it got canceled. ¬†Ford‚Äôs hybrid SUV offerings have been a joke. ¬†I think they offered an Explorer hybrid that barely had better MPG than the non-hybrid | I mean both the Toyota and the Tundra are now hybrid and they HAVE to improve mean vehicle MPG efficiency due to US CAFE standards so that's only going to happen via hybrid or electric.

Are you talking about *effective* shipments of hybrids?

The hybrid is optional on the base models on the Tacoma and I could see it effectively meaning that most Tacomas by volume aren't hybrid.

Also, Toyota will | Honestly I‚Äôm more worried about CPUC and PGE having a full monopoly over all my energy needs. Once Cali forces everything to electricity let‚Äôs not pretend those kWh prices are going to be fair and reasonable."
INTC,stocks,"r/Stocks Daily Discussion & Options Trading Thursday - Apr 04, 2024","Read: buy some now, but be ready to buy more later for potentially less. Or more. Maybe. 

You can hedge NVDA with AMD/GOOG/AAPL/AMZN/TSM/ASML/maybe even INTC, if you think AI is good but NVDA is *too good*. Or even just with QQQ."
DOW,stocks,"Tesla (TSLA) PT Lowered to $115 at JPMorgan, 'We are slashing our estimates and price target'","Jfc I hate this posts. 

Of course they lowered their PT...it's trending DOWN. 

It would be 350 if it were at 250 right now. 

These are the clearest signs to go long/short respectively. | It does though. You just fail to accept reality. 

Interest rate go UP = Buy Expensive thing with loan go DOWN

Easy to understand formula for you! 

CAR, HOUSE examples of expensive thing."
AAPL,stocks,Dell‚Äôs stock is at a new high ‚Äî and it has beaten Apple‚Äôs over a five-year span,"I actually disagree so much so that I trimmed some of my AAPL shares in the last few weeks.

The stock's growth has really slowed down over the last few years, and they're getting hit in all directions with anti-trust actions and big tech crackdowns. And yet despite this they're still trading at a very premium valuation with a 26 PE ratio.

IMO the stock deserves to fall more unless they can come "
BA,stocks,"Amazon abandons grocery stores where you just walk out with stuff after it turns out its ""AI"" was powered by 1,000 human contractors.","> Weight is already an accurate measure to confirm something in the checkout line.    

PLEASE PLACE YOUR ITEM IN THE BAGGING AREA. | It was AI like my Roomba is AI.


They‚Äôre in contracts with NFL, NBA, MLB but otherwise it‚Äôs a few airports.  And they all fail to match the revenue of a normal store while needing massive bandwidth."
AAPL,stocks,"Apple Exploring Personal Home Robots, After Ditching EV Project - Bloomberg","I started buying AAPL in 2007. I thought I‚Äôd hold my apple shares forever. I‚Äôm not so sure anymore. | Thinking the same (haven't owned AAPL as long as you, but share the same sentiment).  Seems like Apple is quite behind these days; from ditching it's ""smart car"", to potentially putting Google AI on their phones rather than their own AI (embarrassing, tbh), to now...whatever the hell this is.  I actually cringed when I saw this article. | Just pull up a chart.

AAPL already bottomed. | >whatever the hell this is

This could be the ""Jump the shark"" moment for AAPL | I actually trimmed my AAPL position recently for some of these reasons. The stock is trading at a pretty premium valuation, and yet their earnings growth has really stalled out to low to mid single digits the last few years, and there's nothing on the horizon that looks at all likely to re-accelerate that earnings growth (VR is their only new product, and IMO I don't think VR is ever going to catc"
IBM,stocks,Amazon cuts hundreds of jobs in cloud computing unit,">The naive implementation is literally just to check every possible set of moves and what it will lead to and select the best one. 

Sure, and your implementation will take longer than the heat death of the universe to run. I am not even kidding - it will take that long.

Back in the real world, IBM once had thousands of people work on deep-blue. Deep blue used a ton of carefully coded logic from "
BA,stocks,TSMC/Apple: Major Earthquake in Taiwan Halts Some Apple Chip Production Lines,"They are a low cost producer.¬† Engineering isn't everything, most times MBA drive the ship."
INTC,stocks,"It‚Äôs often said it‚Äôs nearly impossible to consistently beat the market. But, haven‚Äôt growth funds done just that?","Investing is easy when you Long hold stock after a crash/recession. Late 2022 was a great example of that. The Federal Reserve had just finished raising rates to their highest point since 08, and most tech/crypto tokens were slaughtered. But if you bought stock like NVDA, AMD, AMZN, INTC, and held them until 2024, you'd have massive profit.

&#x200B;

Timing, patience, and a hint of luck is all th"
INTC,stocks,These are the stocks on my watchlist (4/3),How on earth is INTC a short term play? Maybe if you‚Äôre shorting it but anyone buying intel should do so with a time horizon of 5+ years
INTC,stocks,"r/Stocks Daily Discussion Wednesday - Apr 03, 2024","It is kind of funny that Taiwan has the biggest earthquake in 25 years and the next day TSM is up and INTC is down 7%.

I know they aren't related but it's still funny that the market is more bearish on INTC than a company that's on an island that just had a massive earthquake."
DIS,stocks,"(Reuters) the two biggest Disney shareholders, Vanguard w/ 8.2% & BlackRock w/ 6% voted for Iger making proxy contest unwinnable for Peltz.",">Walt Disney's (DIS.N), opens new tab largest investor

What does ""new tab largest investor"" mean? | Since Peltz started fighting, Disney stock went from 80 to 120. I really think he has accomplished his number one goal. After the proxy fight, Peltz still owns stock and has a large microphone the yell into it whenever he wants.

I hope for all the DIS stock lovers in the thread, the stock continues to rise."
INTC,stocks,Intel discloses $7 billion operating loss for chip-making unit,"Anything new here?  INTC willingly ceded industry leadership because they wanted to do more buybacks and milk older technology.

If they‚Äôre doing something about it, great.  If not, INTC has been a turd for years, nothings changed.

Personally I like to think this is the time to go long INTC. | Boeing and INTC owes you. | All part of the equation.

Gelsinger forecasts break-even in 2027. 

That implies negative 2024, 2025 and 2026.

Missing a tight supply and boom cycle is huge. Huge opportunity cost.

Gelsinger came in Feb 2021 to turn things around.

If we assume INTC will succeed in years, it makes more sense to invest in chip equipment companies from 2021 - present and the next couple of years. Chip equipment c"
PG,stocks,Electric vehicle stocks slide after shocking Tesla deliveries,Who wants these things? They are being shoved down our throats in the name of Climate Change. MFG's of EV's lie about their claims for these vehicles and the EPA still doesn't have definitive measurements on their MPG equivalents to ICE vehicles.
UNH,stocks,Managed care stocks drop after Medicare rate decision,"UNH is a buy for me here. 

CMS kept rates at 3.6% instead of the expected ~4.5%. 

This still represents growth. UNH will simply cut back on plan benefits in the coming year. It‚Äôll be a race to the bottom, and HUM is probably going to cave first."
IBM,stocks,General Electric completes split into 3 public companies Tuesday,He disintegrated the company lol. He made GE and the American industrial base sell out their strengths on purpose. He saw IBM shit itself and did the exact same thing as a legitimate strategy
GS,stocks,"Tesla reports 386,810 deliveries in the first quarter of 2024, produced 433,371 vehicles ","There is a ‚ÄúMagnificent Seven‚Äù ETF called $MAGS. The problem: It has Tesla stock in it. blech ü§Æ 
What if I want an ETF of just the other 6 stocks? lmao
(Actually I could do without Tesla OR Google tbh)"
UNH,stocks,"r/Stocks Daily Discussion & Technicals Tuesday - Apr 02, 2024","What happened to UNH and the health sector? | UNH testing my faith. Cant add anymore given how much I hold. Been a rough couple months for UNH investors. | What do people think about UNH?

My port is 100 percent tech.

I've been thinking about maybe adding some non-tech companies like UNH or NKE. Both near 52 week lows. I know that both are under fire right now, and they're near 52 week lows for legit reasons.

Still, I feel like a year or so from now, they'll be in good shape. 

Any thoughts? | What are everyone‚Äôs thoughts on UNH after the pull back? | Added to MOH and KNSL. MOH dip is a sector wide thing. UNH might be the more discussed stock for that. But I own MOH and bought that. Also had been waiting for KNSL to dip and got it. | added SNOW today (new position) and aped into TSLA for a speculative swing trade (small block).

i'd like to get into GEV but i missed my opportunity this morning.  will wait to see if it dips below 140 again.

really got torched on UNH today, but my cost basis is only 484. | Just bought some more UNH | for somebody that doesn't own any UNH, but is getting curious about it, what price target would be an absolute no brainer to hop aboard?

Or do you think we're already close to a 2024 bottom? | Not sure the age breakout, but looks like 92% of Americans do have health insurance: 

[https://www.statista.com/statistics/200958/percentage-of-americans-with-health-insurance/](https://www.statista.com/statistics/200958/percentage-of-americans-with-health-insurance/)

CDC also says the number without insurance under 65 is at 10%

[https://www.cdc.gov/nchs/fastats/health-insurance.htm](https://ww | Isn't UNH practically a monopoly in healthcare? Of course, they have the lawsuit with DOJ and the recent hack. However, their management is pretty top notch from what I understand and I also think there will be long-term catalysts, particularly with AI.

Seems like some of the first industries that will really take advantage of AI in a real-world scenarios is healthcare and insurance. Lower headco | I just don't know anything about the industries/companies. It's so far out of my wheelhouse. I only really know about UNH because I've used it at my own job as my HMO for a long time.

I've always had this impression of UNH like they're a Costco like company. Obviously a very different industry, but that they're a behemoth that just keeps on ticking, and is practically a monopoly. | Yeah. So many stocks are tanking today. But I think the two getting most attention are UNH and TSLA. | A lot they aren't as vertically integrated as ELV and UNH. | UNH being targeted by the DOJ, is still dealing with the aftermath of the largest cyber attack in the history of the healthcare industry, and has constantly been in the news about expiring agreements with the countries largest health systems. theres plenty to be concerned about. | Thoughts on what you‚Äôre gonna do with UNH? | That's a great question, I honestly don't know. I don't really follow the company/sector too much, but just used them because they are one of the largest health insurers in the states. 

From a quick google, looks like medicare is around 26% of their overall revenues: 

[https://www.trefis.com/data/companies/UNH/no-login-required/ukebqrDZ/UnitedHealth-Revenues-How-Does-UNH-Make-Money-](https://www"
KO,stocks,Warren Buffett-backed EV maker BYD surprises with stellar first quarter sales as Tesla continues to slide,"if NIKOLA, FSK and DJT taught you anything, stay away from american market"
DIS,stocks,‚ÄúGo woke go broke‚Äù contrarian strategy ,"It can work like any risk reversal strategy, but the key is timing. For example, buying the dip in BUD would have resulted in loss after loss, until it didn't. Same thing with DIS. As for NKE, stock is down for other reasons."
CAT,stocks,Vinfast ($VFS),"Their battery supplier is a Chinese company. Their production technology lags behind BYD and CATL. The quality and price also lags behind the Chinese variants. BYD and other Chinese companies are already selling cheaper and better cars (e.g. BYD dolphin) outside of China. They have very little competitive advantage over the Chinese variants outside of Vietnam.

You see them in Vietnam everywhere b"
MSFT,stocks,"r/Stocks Daily Discussion Monday - Apr 01, 2024","MSFT, AMZN, GOOGL with new ATH. | Definitely kneecapped myself trying to diversify and target growth stocks instead of just dumping the money into MSFT under $400 and GOOGL under $135 this past month."
KO,stocks,TKO - Owning  UFC and WWE could net you a FCF yield of 7-9% at current stock price. ,"What's your evidence for the claim that MMA is growing rapidly? Not saying it is wrong necessarily, but as someone who has watched the sport since 1993 up until a few years ago, MMA seems extremely stagnant (and has declined since prime Conor days). There's a lot of big claims from executives, but when taking a closer look at the numbers being stated you can see blatant misrepresentations (like ga | Good to see TKO getting a mention in this sub. I have some shares with them and I see this as a relatively stable stock that will go up into the 100's. The Rock is back and is on the board, getting paid about 30 million in TKO stock so he has a financial interest in the company.¬†

WWE is booming right now thanks to The Rock, good storylines, HHH taking over creative and doing a hell of a job, Loga | TKO Bulls Unite!!!!!!!!! Lol | Why hold TKO over EDR? What it be dumb to hold both? | Unfortunately (for fans and fighters), they settled the lawsuit after they lost injuctive relief. 

I expect the UFC and TKO to do very well for now, but there are certainly cracks showing with gradual decline in quality. Especially since they are doing more low quality APEX cards, but they make money hand over fist with those events. It's such a shame they're not concerned with actual sport growt | Probably worked out reasonably well.  Now you‚Äôll own TKO | EDR is a more diversified business.  TKO is a more pure play on UFC and WWE.  CEO of EDR is also current CEO of TKO also.  Could be quite reasonable to own both. | Yeah, that's the biggest risk from my perspective as well. At the moment, there's little reason to think that will happen in the near term. But it will only take a single catalyst to upend the control that TKO has over MMA and/or WWE fighters, and it would likely destroy most of the value of the stock when it does happen | ""All the top superstars got paid well under the table by daddy dana""


Another narrative that has little to no evidence to back it up. While the court case settlement is unfortunate for the fighters, it did expose many financials, and they largely showed that backroom deals are not what they were made to be, for superstars more than anyone.¬†


Maybe you think that won't change the fighters culture | Seconded. The UFC is the only profitable MMA org on the planet, and the UFC's monopoly/monopsony power over the industry is as strong of a moat as you can get. Only real issue is the threat of unionization/pay reform, which will hang over the stock like the sword of Damocles and threaten to destroy almost all its value. If Trump wins the election, TKO will use their connections with him to try and"
DIS,stocks,Is Boeing a buy right now?,"This comment thread reads a lot like DIS at 85, GOOG at 120, META at 100 and PYPL at 58. That's my buy signal | Yeah, I'm getting flashbacks from $DIS and $TGT

And I think they did the same when $INTC was in the 20s. 

90% of the comments here was were like ""no!"" ""don't catch a falling knife"".

If you inversed those suggestions, you are sitting pretty damn good right now.

Funny thing is, the sub is now much more bullish on those tickers after they've already gone up +40%."
HD,stocks,Benjamin Graham equation ,"ben graham in the talks i have seen with him, is not trying to beat the market or even achieve consistent market returns.  He is trying to beat the 60/40 portfolio with super safe investments.  He will miss the nvidia's of the world every time, but he also misses blowups .  When I think of him, i  think HD, Texas Instruments,  steady growers with value, nothing sexy.

At the end of the day you hav"
HD,stocks,Amazon's $150 Billion Data Center Bet: Preparing for AI Boom and Market Domination,Pure storage seems to be touting 60-70% energy savings with their flash drives for storage.  I‚Äôd imagine these datacenters will have LOADs of flash and not HDD anymore
CVX,stocks,"With an increasing demand for energy due to EV, AI and overall consumption, what companies are poised to gain most?",PBR CVX XOM OXY
AXP,stocks,what is your best undervalued stocks?,"Things have changed a lot in the last few months. Many within the banking sector were undervalued, like C, BAC, AXP, but those have now exploded. At this point, I'm not seeing much undervalued. I think a few select REITs like ADC might be a little undervalued, but I'm not expecting a 50+% jump like I did with C. I think a few preferreds are still attractive at Thursday's close, like BEPI, LANDO."
CRM,stocks,Snowflake selloff seems like a temporary accident,"Snowflake is just another product that does the same thing as other products. It isn‚Äôt unique. Not profitable. Product is too expensive. 

As a senior data scientist, I did not approve the purchase of snowflake for our bank and it shouldn‚Äôt be approved by anybody who does their research. 

They also have 18 p/s. Way overvalued crap. CRM is prob better but I don‚Äôt want any of these commodity type b"
VZ,stocks,"If you were to invest outside of the mag 7, index funds, and ETFs how would you split the money?","ETFs make up ~ 60% of my portfolio.  Individual stocks comprise ~ 40% and are all dividend or growth & dividend positions: GLAD, BCE, VZ, AEP, IBM, PFE, RIO, BHP, EDP & ENB.

( ETF‚Äôs are VOO, VUG, VGT, XLG, GNR & XME )."
DOW,stocks,"PCE inflation data is 'in line with what we want to see,' Fed's Jerome Powell","We heard the seasonality argument in February to try coping away the 0.5% monthly increase in January. 

At some point you cannot use the same argument for multiple separate months. The inflation figures are already seasonally adjusted, which literally removes seasonality. 

Furthermore, the seasonal adjustment DOWN in January and February was LARGER than in 2019. If not for the stronger seasonal "
KO,stocks,"r/Stocks Daily Discussion & Fundamentals Friday Mar 29, 2024","Buying KO and BRK.B yesterday is definitely not what this sub likes | I bought $1500 in KO in both Feb and March. I love Coke. I love buying at a decent valuation. Recently that‚Äôs been anytime it‚Äôs under $60. I expect and probably will receive about a 4-5% return in growth and a 3% return in dividends for the foreseeable ¬†future. Nothing wrong with that.¬†

I know it won‚Äôt be a 10 bagger, but that‚Äôs cool with me.¬† | BRK.B sure, but things like KO get frowned upon, it's not the latest +200% stock"
JNJ,stocks,"23 years old, about $27k in investments, how aggressive should I be?","If you're not touching the equities until 60 years old, then go with AMZN, GOOG, NVDA, MSFT, AAPL, PANW, FB, IBM, ORCL, AMAT, UBER. 

Perhaps a little in some safer plays: COST, HD, JNJ, BMY, CL, KO, TDIV, PFE (great div and the stock is ready to breakout), XLP, XLV."
WBA,stocks,"Walgreens tops quarterly revenue estimates, but narrows profit outlook",The future of the pharmacy industry is online. CVS and WBA are going to lose massive market share as Amazon and others do online delivery. Convenience is key
CSCO,stocks,Xiaomi releases electric car $4K cheaper than Tesla's Model 3 as price wars heat up,"If you can get 30% off a $100 item, presumably you could get 30% off a $1000 item. It's just a matter of shopping around.

Ignoring percentages is like saying NVDA going up $30 is comparable to CSCO going up $30.

Opportunity costs are a real thing whether it be stocks or grocery store coupons."
JNJ,stocks,Expected stock returns in aging populations,"Wait so you‚Äôre telling me it‚Äôll either cause inflation or deflation? Ground breaking.

Jokes aside, the world population is still very young, I doubt anything material changes.

If you want look at the Medical companies that will benefit: SYK, ZBH, MDT, JNJ"
GS,stocks,"r/Stocks Daily Discussion & Options Trading Thursday - Mar 28, 2024","Nice! Can't go wrong with either of them.

I've just started an initial position in CNX (after hours today) thanks to your recommendation. APD and KGS are my other natty gas plays so this completes my trio."
HON,stocks,'Apple will prevail': US faces uphill slog in new antitrust battle,"Brother it‚Äôs not just a phone it‚Äôs a fucking IPHONE. You must be missing out on movies celebrities memes songs culture in general dictates if you have an iPhone you are a ‚Äúhave‚Äù not a ‚Äúhave not‚Äù did you know if an iPhone is used in a movie a villain cannot use the iPhone, only ‚Äúgood guys‚Äù lmao ü§£ wake up. It‚Äôs more than a phone that‚Äôs why it‚Äôs over 1000$ for a phone call"
GS,stocks,TSLA owners thinking FSD is around the corner is a blind spot,"Plenty of reasons for this stat. Anyone who is familiar with stats knows you have to dive into numerous other statistics to understand the why. Crashing more does not equate to an inherent issue with the car. A notorious example is the GSX1000 sport bike that has a higher crash rate than most other sport bikes, and the why is not because it is any different than any other sport bike out there. It'"
MCD,stocks,McDonald's to sell Krispy Kreme doughnuts nationwide by the end of 2026,"My 1st thought as well. The MCD's around the corner from me is attached to a gas Station. The gas Station already sales pre boxed Krispy Kreams. | This is a dual mandate, long calls NOVO and MCD"
WMT,stocks,"r/Stocks Daily Discussion Monday - Mar 25, 2024","Petco is down 92% in pretty much a straight line since going public a little under 3 years ago and about $2 away from zero.

The trend imo is towards convenience and people buying more and more at TGT, AMZN, COST, WMT and they already have Prime or Walmart+ or a Costco membership, etc. Maybe CHWY isn't a 0 who knows but ""maybe it isn't an eventual 0 but who knows'' and is going to be in endless, d | > CHWY down another  -7%,

> I dont see the appeal of a solely lower margin ecom business competing directly with other platforms like amzn

I agree with not liking CHWY. But in US market TGT, COST, WMT all coexist with AMZN. I dont like CHWY but other companies can exist with AMZN in US market. | TGT, COST, and WMT are all not ecom first or ecom only platforms though. If chewy were like a physical chain + ecom I would agree more so | Are Ulta, WMT, COST, and TGT ecommerce first or ecom only businesses?"
CSCO,stocks,How hard is it for big tech or anyone to compete with Nvidia in the next ten years?,"All fair points.

I would agree, the current exuberance on AI does seem a bit over the top and irrational.  And certainly makes it hard to avoid taking profits due to fears of any kind of correction or blow off top that become louder as NVDA climbs higher.

And you're right, CSCO is a great example of how no one,  NVDA included, can stay as King of the Hill forever."
AMGN,stocks,Moderna (MRNA): Why mRNA represents superior tech over Old Pharma's methods,"You are doing great job, ignore negatives, keep focusing what you have done and what you are doing.

The reason: I did not post (vexed) many times about MRNA, but started investing MRNA from $16 onwards...until $128 pre-covid times. Sold most of them when it was around $400+ range, waiting for many months/years to see MRNA touched $65.

Now, started accumulating the company from $76 onwards slowly"
JNJ,stocks,Which of these blue chips is most undervalued?,"MCD, JNJ both great dividend payers.  If you want to buy, hold and enjoy the dividends, these 2.  JNJ good buy, MCD on a dip. | I own apple and exxon. Added some apple after it dipped more than 4% when the DOJ announced the lawsuit. Not undervalued but would add on dips in the future. Same with exxon.

Chevron is still a decent PE but I have enough oil already with Exxon.

Would consider JNJ now but its a slow grower even after the spinoff and they have the talc lawsuits. | JNJ won‚Äôt go anywhere until the litigation is resolved once and for all.  When it is, it‚Äôll be like a coiled spring.  Can‚Äôt believe big shareholders haven‚Äôt agitated for change at the top based only on the litigation position - just makes no sense from a longterm business perspective, to continue to grind it out | But JNJ needs something ‚Äúbig‚Äù to move its price‚Ä¶may just wait when the dust settles."
WBA,stocks,"If you were to invest in the mag 7, how would you split the money?","Because 
1. this is /stocks not /etfs
2. QQQ has a bunch of dumb shit in it like TSLA, LULU, WBA‚Ä¶"
JNJ,stocks,"/r/Stocks Weekend Discussion Saturday - Mar 23, 2024","[This is a pretty remarkable chart](https://i.imgur.com/m8f8wrZ.png) on the forward valuation discount in the UK relative to the US over time.  It is currently 47%, the worst since 1988. [Here  is the FT article](https://www.ft.com/content/be46c2c3-1f1f-42e3-912b-b75624dedcbd) for the source of this chart. Now before you immediately respond with, ""Of course it is cheaper, the UK stock market is ba"
WBA,stocks,"r/Stocks Daily Discussion Wednesday - Mar 20, 2024",Wow what an insane rally in CROX (cost basis (CB) $90) and CELH (CB $56). Need to start seriously thinking about an exit for CROX. I won't rush to sell because I know the power of momentum. I casually threw out a number like $200 a share (well beyond any fair value I computed) a few months ago. [I did a valuation with Damodaran's spreadsheet](https://www.reddit.com/r/stocks/comments/1b724kb/rstock
VZ,stocks,"Are PFE, VZ, and BTI dividends a sign of health or are they red flags?","VZ is a slow growth stock. You are buying it for the divy, not price appreciation or double digit growth.

BTI no idea.

PFE is having issues with their drug pipeline. Made a major acquisition. Might pay off but it is not a short-term play. | In increase in interest rates maybe what hit the price of these dividend stocks. Many income investors seek short bonds such as T-bill funds like SGOV that pays a dividend of about 5%. Rates probably won't come down any time soon, so all three of PFE, VZ and BTI may refuse to go anywhere even if the company sustains the same dividend amount per year.

If your plans need dividend income or just inc | VZ has a high dividend because they are a low-growth company. So they have to reward shareholders through dividends because they are not being rewarded through price growth.

If you have these characteristics but you're supposed to have growth, that's bad. | Traps right now. PFE could turn it around, but that would be loooong term. VZ is a value trap and I‚Äôm a no on tobacco stocks | PFE - most likely not

VZ - probably yes

BTI - most likely yes | Hmmm, VZ is growing. Their 5g wireless routers might put all old cable Internet companies out of business over time. Their growth could be insane | How tf is VZ value trap when dividends are fully covered. | VZ has dividends covered by fcf¬† | I think TMUS will eat VZ for lunch. Many ex VZ customers will never come back. | I think there is concern each might have to cut its dividend, and doing so would make the share price drop. To buy now is to wager that no dividend cut is coming, and not many investors are willing to make that bet right now.  I did make that bet on VZ, buying a small position last week. Might work out, might not. We‚Äôll see. | Oh I didn't realize VZ was Verizon. They actually tanked last year, I believe mostly due to hype about lead cables health hazard concerns. I haven't kept up with it, but if they are out of the woods with that, then in theory Verizon is a company one might consider ""too big to fail"" and that opportunistically buying at a time when it's down due to bad press can actually be a good move. 

Pfizer mig | I think that wishful thinking statement is skeptical at best. Verizon has a long way to go to make 5g home internet more than a pipe dream for a lot of people. They advertise it where I am at but there is no way I‚Äôd get it with their shoddy 5g service for phones where I am at. 

Competition is good but I do not see Verizon being this big game changer in home internet. There are plenty of people la"
JNJ,stocks,Nvidia and Johnson & Johnson to develop new AI applications for surgery,This is clearly just for appearances. JNJ laid off a good chunk of their surgical robotics division last year and they have yet to commercialize a real digital enabled device on their own. So far their investments in Verb Surgical and Auris Health have gone nowhere. I believe last year one of the leaders even cited that there was no reason to invest in future product lines when current portfolio o
AXP,stocks,Which of your stocks do you trust the most?,"AXP, GOOGL, BRK, LMT. I understand the value of all these companies well, and have a very strong thesis for owning them. | So glad I sold AXP and DFS but kept V and MA"
MMM,stocks,What do you think is next for 3M?,"I'm not sure how much the healthcare spinoff really contributed to the rise in $MMM in the last few days. Fairly certain it was almost all because of the new CEO. Bill Brown has one hell of an impressive track record and I think that people assume that will bring 3M back up to where it belongs. Also, seems like a lot of people didn't really like Mike Roman. | From my personal observations, when MMM appoints an outsider to CEO, there will be issues.  

I also think it will be a long time before they get away from the forever chemical litigation issues (it is this generation asbestos). | As soon as everyone on Reddit said MMM would keep going down, it was a signal to buy. | You've got it backwards.  MMMM.  More Ms! All the Ms."
MRK,stocks,An S&P 500 ETF weighted to the top 10-30 holdings?,"What you're suggesting is

Overweight: JPM, TSLA, WMT, UNH, MA, XOM, JNJ, PG, HD, ORCL, COST, ABBV, AMD, MRK, CVX, CRM, BAC, NFLX, KO, PEP 

Underweight: MSFT, AAPL, GOOGL, NVDA, AMZN, META, BRK, LLY, V, AVGO

Your reasoning is to capture the growth of the first set of stocks. 

The average revenue growth rate this year for the first set of stocks is 7.05% compared to 21.49% for the second set. 

"
CAT,stocks,Tesla (TSLA) DCF Analysis,"Tesla does not have a first mover advantage in renewable energy lol. Competitors are already getting billions in contracts. The biggest BESS project in the world was just announced and they‚Äôre using BYD, Samsung and LG batteries.

https://www.energy-storage.news/edwards-sanborn-california-solar-storage-project-world-largest-bess-battery-system-fully-online/

The reality is the players who actually"
CSCO,stocks,"r/Stocks Daily Discussion Wednesday - Mar 13, 2024","Cisco comparison is so overdone, CSCO peak valuation was still much higher than NVDA so far"
CSCO,stocks,"r/Stocks Daily Discussion & Technicals Tuesday - Mar 12, 2024","I remember the user ""YouMissedCSCO"" back in 1997! | Are you making point? 

Oh wise one - surely you've made immense gains on this one too? Surely the day ChatGPT dropped you loaded up the truck, right? It was quite obvious...

Remind me - what were the S&P, Nasdaq, and CSCO p/e when it all came crumbling down? And maybe you can explain how that at all relates to what NVDA has today?


You are smug on future delusions, I am smug on solidified histo"
HON,stocks,"r/Stocks Daily Discussion & Fundamentals Friday Mar 08, 2024","No individual picks at all? Call me old fashioned but that‚Äôs no fun! lol. I‚Äôm 80% index with some long term individual holds (GGG, AMZN, XOM, HON, F, VKTX, ON, PLAB, HWKN, LMB)

I also have some moonshot lottery plays because why not? Fun as long as I don‚Äôt get too carried away (EOSE, GSIT)"
MMM,stocks,"r/Stocks Daily Discussion & Options Trading Thursday - Mar 07, 2024","I don't know that it's necessarily people down about Apple and Google - although the latter is facing some fixable issues and I'm not sure the Vision Pro is what Apple needs - as much as this is a very, very FOMO market imo. 

This is a market where there's the Magnificent 7 and the moment one of those stops working, it's a source of funds to chase the other 6 and the moment another stops working,"
MMM,stocks,BABA goes below 70$ a share,"''Even for us recent aspiring bag holders, it's a bit too much to take''

Genuine question - then why not buy something else. There has been so much belief from people who own this name over the last couple of years and yet so much complaining about performance. Instead of ''maybe I'm wrong'', it often seems like people doubling and tripling down. 

2-3 years ago, Munger went long BABA and people "
AXP,stocks,S&P ratings and why I am nervous,"u/TheBarnacle63 : why do you think DLT, INVH , PLD, AXP, BX and BLK are sells ? I‚Äôd rate them holds at the worst max personally, I‚Äôve been watching them for entry points."
AXP,stocks,Rate My Portfolio - r/Stocks Quarterly Thread March 2024,"TICKER	PERCENTAGE  
AXP	1  
ASML	2.5  
COST	5  
CP	        1.5  
GOOGL	2  
NVDA	5  
WM	1.5  
V	        1.5  
VOO	70  
VXUS	10

Hardly invested into big tech as it is a big part of VOO, and I currently work in big tech so get shares there. | Age: 18-25

Account Type: Brokerage account

Suggest additions or changes

My Watchlist:

|**Symbol**|**Symbol Description**|**Sector**|**Industry**|
|:-|:-|:-|:-|
|AAPL|Apple|Information Technology|Technology Hardware Storage & Peripherals|
|MSFT|Microsoft|Information Technology|Software|
|AMZN|Amazon|Consumer Discretionary|Broadline Retail|
|GOOGL|Alphabet Class A|Communication Services|Interact"
HON,stocks,What is the first stock you ever bought and what is its share price now (or what would its price be including stock splits)?,"I started contributing $100/month into $HON Drip program in the mid-late 1990's after a work colleague talked incessantly about Larry Bossidy.  I was learning about the market and companies. I eventually changed to $500/quarter. Total, HON is by far my largest individual holding approaching high 6-figures. I only sold once during Covid to re-do my kitchen. Sold 100 shares.

  
Taught me slow and s"
AXP,stocks,"The market dips 30%, you have liquid capital, what are some of the stocks you look at first?","ASML, BESI, Games Workshop, AXP"
HON,stocks,"/r/Stocks Weekend Discussion Saturday - Feb 24, 2024","I started investing in HON in the mid-1990 via their DRIP.  I initially invested $100/month and then changed to $500/quarter.  I stopped investing about 3 years ago.  It is by far my largest invidiual holding nearing high 6-figures.   I only sold once during Covid to re-model our kitchen.

Slow and steady wins the race."
TRV,stocks,What defensive stock you own in your portfolio?,"TRV, IBM"
AMGN,stocks,"GLP-1 Weight loss drugs, LLY, NVO, competition ?","Making a drug isn't easy and there's considerable regulation on top of it, not sure why people think there is little moat to this sort of thing. So many people on here last year were arguing to buy Pfizer because ""They're cheap and they have an obesity drug, too!"" then their trial was a miss and then not long after that they lowered FY24 guidance. 

There are some promising small companies with of"
MRK,stocks,What company will be a household name in the next 5-10 years?,"It is very difficult to foresee the future, because events like war, natural disasters or innovation can change the future rapidly. 

My biggest bet is on pharmaceutical or orthopedic companies. Reason: Baby Boomers are getting older and they need pharma and also (maybe) orthopedic surgeries. I think you get the point. 

So even if the following companies are big companies and are household names,"
V,RobinHood,Play around money. Sky is the limit with these stocks! ,They are definitely good. I mean Amazon cloud service is pretty amazing and NVDA has a good edge right now too.
BA,RobinHood,"Daily Discussion Thread - April 5th, 2024","# Today is Friday, the  5th of April



## Upcoming events for Friday, April  5th

 - Stock splits:

    - CCOEY @ **2:1** (Payable date: )
    - RNAC @ **1:30** (Payable date: )
    - EDBL @ **1:20** (Payable date: )
    - GLAD @ **1:2** (Payable date: )
    - SNPX @ **1:25** (Payable date: )

 - Expected earnings:

  BYRN, GBX

 - Ex-div:

  CMCT, DOOO, GROW, SCVL, UBFO, WSBF

 - Economic events"
V,RobinHood,I'm a beginner. How do I put money from my SCHD stock into my NVDA stock?,"I don't know if you're ready for this but here goes... you're gonna have to sell some $SCHD and then, believe it or not, buy some $NVDA. | He can always wait til it happens randomly by a cosmic ray that goes through all the servers where his position is stored and changes the specific bits changing SCHD to NVDA. | I thought so. It‚Äôs as simple as that? Just sell some SCHD and then buy some NVDA? | You will have to wait for your funds to clear. That should be instant if your $ is in brokerage. If it‚Äôs in a retirement account, it takes 2 days (soon to be 1). Until you learn a lot more about in, you should stay away from individual stocks and buy funds (etf or mutual) with hundreds of companies. VOO or VTI or VT are all good funds with varying degrees of diversification."
V,RobinHood,"Accidentally did a limit buy. Is this order filled, or will it execute tomorrow after market open?",Robinhood trades 24/7 during the week on select stocks. VOO is a 24/7 stock.
V,RobinHood,"Stock Market Recap for Thursday, April 4, 2024","trivago N.V. (TRVG)

2.8800
+0.0700
(+2.4911%)
At close: 4:00 PM EDT
2.8300
+0.03
(+1.07%) | In the span of a few days the VIX went from 13 to 16, that's a 25% increase.  
The interest rate cut delay is actually good for crypto, and volatility is great for day-trading.  Pick your poison."
HD,RobinHood,Worth it to sell my SPY for VOO?,"The biggest thought I have starting out though is that eventually when you get to 100+ shares of SPY you can use the much more liquid option chain to sell covered calls. The question is is it worth paying the expense ratio and worse dividend getting to that point over a decade or two, or just stack VOO then switch when you have enough and want to implement that strategy. I wouldn't do it with just"
BA,RobinHood,"Daily Discussion Thread - April 4th, 2024","# Today is Thursday, the  4th of April



## Upcoming events for Thursday, April  4th

 - Stock splits:

    - FUJIY @ **6:1** (Payable date: )
    - JUBAF @ **1:20** (Payable date: )

 - Expected earnings:

  ANGO, ARTW, BSET, CAG, KRUS, LNN, LW, PLCE, RDUS, RPM, SMPL

 - Ex-div:

  CHX, ERIC, GNTX, HBNC, HTIA, HTIBP, JD, LFMDP, MORN, NECB, NTAP, PFBC, PKBK, RGLD, ROP, SPNS, WIRE

 - Economic eve"
CSCO,RobinHood,"Daily Discussion Thread - April 3rd, 2024","# Today is Wednesday, the  3rd of April



## Upcoming events for Wednesday, April  3rd

 - Stock splits:

    - NVDS @ **1:5**
    - RENT @ **1:20**
    - UCAR @ **1:100**

 - Expected earnings:

  AYI, BB, CHSCP, LEVI, NG, RELL, RGP, SLP, SPWH, TMQ

 - Ex-div:

  ABM, BDN, CAIXY, CAMT, CDZIP, CPB, CSCO, CUZ, FORTY, HLIO, HLTEF, ICHGF, IMIUY, MMC, NVGS, PGR, SSD, TSE, TWO, VLGEA, WNC

 - Economic"
CSCO,RobinHood,"Daily Discussion Thread - April 2nd, 2024","# Today is Tuesday, the  2nd of April



## Upcoming events for Tuesday, April  2nd

 - Stock splits:

    - XXII @ **1:16**
    - AWIN @ **1:100**
    - EMKR @ **1:10**
    - FJTSY @ **2:1** (Payable date: 4/01/2024)
    - KAIKY @ **3:2** (Payable date: 4/01/2024)
    - KIKOY @ **5:4** (Payable date: 4/01/2024)
    - MTSFY @ **3:1** (Payable date: 4/01/2024)
    - MSADY @ **3:2** (Payable date: 4"
CSCO,RobinHood,"Daily Discussion Thread - April 1st, 2024","# Today is Monday, the  1st of April



## Upcoming events for Monday, April  1st

 - Stock splits:

    - PLUR @ **1:8**
    - MUSLF @ **1:3**
    - SZKMY @ **4:1**
    - UDOCF @ **2:1** (Payable date: 4/03/2024)

 - Expected earnings:

  ACOR, AGBA, AGRI, AIRI, ALRN, ANVS, APCX, ATNM, AULT, AZ, BMTX, BRTX, CDIO, CDMO, CDT, CIA, CISO, CNSP, CPHI, CRT, CRVO, CSAN, CTGO, DPSI, DSKE, DUOT, DWSN, EAS"
PG,RobinHood,Is this too many ETFs in my Portfolio?,![gif](giphy|xUPGcK2CMWqOFTzTH2)
HD,RobinHood,Advice? Brand new to investing.,VOO QQQM SCHD and chill. Maybe add in a slice MSTR coupled w/ IBIT
MSFT,RobinHood,I think my portfolio looks pretty good. Any tips?,"GOOGL doesn‚Äôt have the same strong foundations as MSFT. I‚Äôd definitely reallocate some portion of your GOOGL there. | Actually. Dollar amount wise, split AWS, MSFT, and GOOGL equally. That should help you weather any contract and/or quarterly surprises."
HD,RobinHood,Started investing last December. Opened up a Roth IRA. Any advice?,SCHD is a pretty good option for an IRA
GS,RobinHood,"Daily Discussion Thread - March 29th, 2024","# Today is Friday, the 29th of March



## Upcoming events for Friday, March 29th

 - Expected earnings:

  ADN, AMPG, ASLN, ASPI, ASTI, ASTS, ATPC, AUVI, BACK, BCOW, BGLC, BIAF, BKYI, BRLS, BSGM, BYFC, CHEK, CING, CLRO, COCH, CRKN, CSSE, DATS, DGHI, DGLY, DOMH, ELLO, ELTX, ENG, ENLV, ENSV, FCUV, FLGC, FSI, FURY, GIGM, GLSI, GNPX, GRI, GRVY, GURE, HOTH, HUGE, INCR, IPDN, IVDA, KALA, LEJU, LIPO, MC"
DOW,RobinHood,19 1st year investing any advice?,Not great holds but not terrible. Buy more ETFs like VOO and DOW and QQQ
JPM,RobinHood,"I‚Äôve been investing since July 2023, looking for feedback from people who know better","Long term options for $HOOD, $JPM, $AMAZON, or other high profile companies that progresses linearly through the months, not weeks. That'll mitigate gambling risks and other issues with options."
KO,RobinHood,"Daily Discussion Thread - March 28th, 2024","# Today is Thursday, the 28th of March



## Upcoming events for Thursday, March 28th

 - Stock splits:

    - DOYU @ **1:10**
    - ODFL @ **2:1** (Payable date: 3/27/2024)

 - Expected earnings:

  AAMC, ACHV, ACNT, AFIB, AFMD, APLM, AREC, AREN, ATAT, AUUD, AVRO, AWH, AXDX, AYRO, AZUL, BCAL, BETR, BOSC, BPT, CDTX, CJET, CNF, CPTN, CSTR, CURV, CVV, DARE, DLNG, DNMR, DOOO, DRIO, DUO, DYAI, DZSI, E"
MSFT,RobinHood,Just finished my first year a few weeks ago. What can I do better,Dump AMC and buy some MSFT | Dump AMC and buy some MSFT | Buy MSFT
MMM,RobinHood,"I wish I could say I knew what I was doing but I‚Äôm asking now, are any of these worth holding or do I just sell for the wiser long term decisions?",Sell it all and hold MO & MMM
KO,RobinHood,"Daily Discussion Thread - March 27th, 2024","# Today is Wednesday, the 27th of March



## Upcoming events for Wednesday, March 27th

 - Stock splits:

    - CTRM @ **1:10**
    - CETXP @ **105:100** (Payable date: 4/05/2024)
    - LGVN @ **1:10**
    - PVBK @ **110:100** (Payable date: 4/15/2024)
    - TPL @ **3:1** (Payable date: 3/26/2024)

 - Expected earnings:

  AEG, AGAE, ALT, AMS, AQMS, ASMB, ATOS, ATRA, AURA, AVHI, BCDA, BEST, BFI, "
AAPL,RobinHood,AAPL Option Losses Any Tips,
AAPL,RobinHood,"34/F, never taught a single thing about investing. Truly only posting to see if someone may have thoughts, ideas or strategies that I haven‚Äôt given enough thought to yet. ","Outside of the 401k / Roth IRA recommendations.

If you don't know investing, either go all in on VTI or VT. Can't go wrong either way.

Want something a little less diversified? BRK-B

Want something cheap right now? AAPL.

Buy what you know. I use an iPhone, drink Coca Cola, eat at McDonald's, shop at Costco. 

Can't really go wrong with any of these over the long term."
WBA,RobinHood,"Daily Discussion Thread - March 26th, 2024","# Today is Tuesday, the 26th of March



## Upcoming events for Tuesday, March 26th

 - Stock splits:

    - ETAO @ **1:20**
    - FIXX @ **1:18**

 - Expected earnings:

  AACG, ABOS, ACHL, ACON, ACRV, ADAG, ADTX, AEI, ALBT, APTO, AQB, ARQQ, ASST, AWIN, BCAB, BFRG, BIOR, BLRX, BMEA, BNR, BOF, BRAG, BTTR, CARM, CASA, CEAD, CGTX, CISS, CLOE, CNXC, CRDL, CSLR, CTCX, CUE, CXAI, DCTH, DOYU, DRCT, DSS,"
WBA,RobinHood,"Daily Discussion Thread - March 25th, 2024","# Today is Monday, the 25th of March



## Upcoming events for Monday, March 25th

 - Stock splits:

    - FNGD @ **1:10**
    - FLYD @ **1:10**
    - LINK @ **3:2** (Payable date: 3/22/2024)
    - INTZ @ **1:20**
    - NRGYF @ **1:10**

 - Expected earnings:

  AGRI, ALRN, AMPE, ANNX, AP, APCX, AULT, AZ, BJDX, BKKT, BMTX, BRTX, BTM, BZFD, CDIO, CDMO, CDT, CIA, CISO, CPHI, CRT, CRVO, CSAN, CTGO, D"
DIS,RobinHood,Today I just bought 13 shares of charge point and wanted some thoughts on whether you think chargepoint might be bought out or rise back to 20s and 30s per share,"Despite the current administration‚Äôs strong arming, EVs are not taking hold the way they‚Äôd like. Also, unless they make a major leap forward in their tech, Tesla‚Äôs chargers are just vastly superior to the others that I don‚Äôt see them becoming a serious competitor.

DISCLAIMER: That last observation is based on the statements of my friend with Teslas so, I actually can‚Äôt back that with any empirica"
CAT,RobinHood,"Daily Discussion Thread - March 22nd, 2024","# Today is Friday, the 22nd of March



## Upcoming events for Friday, March 22nd

 - Stock splits:

    - ATER @ **1:12**
    - MRIRF @ **1:10**
    - BCAN @ **1:190.114**
    - GRPH @ **1:7**
    - MLGO @ **1:10**
    - MBRX @ **1:15**

 - Expected earnings:

  AGAE, ALOT, AMS, ASLN, ASTI, ATAI, ATLX, BCOW, BOC, BTDR, BYFC, BYU, CEI, CING, CMCL, COCH, COE, ELTX, FURY, GRI, HUMA, HYZN, ITP, ITRG,"
CAT,RobinHood,"Daily Discussion Thread - March 21st, 2024","# Today is Thursday, the 21st of March



## Upcoming events for Thursday, March 21st

 - Stock splits:

    - ADVM @ **1:10**
    - BTTR @ **1:44**
    - CSPI @ **2:1** (Payable date: 3/20/2024)

 - Expected earnings:

  ABL, ACN, ACOR, AFIB, AHR, AIR, ALUR, ALZN, AMPX, APYX, AREN, ARMP, ASO, ASXC, BCAL, BIOL, BPT, BRFH, BZUN, CABA, CALC, CATO, CBUS, CCLD, CKX, CMC, COEP, CREX, CSTR, CUTR, CWD, D"
JPM,RobinHood,Just turned 20 would like opinions,"Buy long-term options (1 month+), do not buy weeklies or daily. I threw away 8k in 2 weeks. 

my opinion is either JPM (consistently reaching new heights per month) or HOOD (doing pretty good right now as more and more people are using the app due to the AI hype."
CAT,RobinHood,"Daily Discussion Thread - March 20th, 2024","# Today is Wednesday, the 20th of March



## Upcoming events for Wednesday, March 20th

 - Stock splits:

    - NYWKF @ **1:5**

 - Expected earnings:

  ALVO, ATRA, AUID, AURA, AVGR, AVHI, BEAT, BEST, BKKT, BNTX, BURU, CAAP, CERE, CHWY, CLLS, CMPX, CNFR, CRGX, CURI, DADA, EFTR, ELA, EPAC, ESCA, EVA, FANH, FFIE, FGI, FIVE, GBNY, GES, GIS, GRTX, HOFV, HOOK, HTHT, HUIZ, JILL, JKS, JTAI, KBH, KC, KN"
CAT,RobinHood,"Daily Discussion Thread - March 19th, 2024","# Today is Tuesday, the 19th of March



## Upcoming events for Tuesday, March 19th

 - Stock splits:

    - AEVA @ **1:5**

 - Expected earnings:

  ACHL, ACON, ADTX, AEI, ALBT, ALT, AQB, ARQQ, ASST, AWIN, BAER, BFRG, BOF, CAL, CARM, CASA, CLOE, CNM, CSLR, CTCX, CTM, CTRN, CUE, CULL, CXAI, CYCC, DRMA, DRRX, DSGN, DSS, EFSH, FATH, FRGE, GBR, GNLX, GRYP, GWAV, HOLO, HQY, HROW, HUYA, IMTX, IVP, JAN,"
CAT,RobinHood,"Daily Discussion Thread - March 18th, 2024","# Today is Monday, the 18th of March



## Upcoming events for Monday, March 18th

 - Stock splits:

    - YSG @ **1:5**

 - Expected earnings:

  AGRI, ALPN, ALRN, ANNX, APCX, AUGX, AULT, AZUL, BJDX, BRTX, BTBT, BZFD, CDIO, CDMO, CDT, CIA, CISO, CMTL, CODA, CPHI, CRT, CRVO, CSAN, CTGO, CYTH, DLO, DSKE, DTI, DWSN, EGRX, ELAB, ELYM, EYEN, FINV, FTFT, FWBI, GAIA, GAME, GDC, GPAK, GRNQ, GROM, GRPH, H"
VZ,RobinHood,"Daily Discussion Thread - March 13th, 2024","# Today is Wednesday, the 13th of March



## Upcoming events for Wednesday, March 13th

 - Stock splits:

    - FBL @ **5:1** (Payable date: 3/12/2024)
    - NVDL @ **6:1** (Payable date: 3/12/2024)
    - HPCO @ **1:10**
    - INPX @ **1:100**

 - Expected earnings:

  AADI, ACDC, ADCT, AE, ALVR, ANIK, ARCO, ARR, ATRA, AVHI, BEST, BGSF, BOXL, BURU, CERE, CHRS, CLLS, CNFR, CRGX, DADA, DLTR, ECOR, "
CRM,RobinHood,"Daily Discussion Thread - March 12th, 2024","# Today is Tuesday, the 12th of March



## Upcoming events for Tuesday, March 12th

 - Stock splits:

    - LMFA @ **1:6**

 - Expected earnings:

  ACHL, ACON, ADM, ADTH, ADTX, AEI, ALBT, ALGS, ALT, AQB, ARQ, ARQQ, ASST, ATER, AWIN, AWRE, AZTR, BFRG, BIRD, BLDE, BLTE, BOF, BRT, BTAI, BTMD, BVS, BZ, CARM, CASA, CLDI, CLOE, CLOV, CLPT, CLSD, CMT, CORZ, CPTN, CRBP, CRMD, CSLR, CTCX, CTM, CULL, CXAI"
CRM,RobinHood,"Daily Discussion Thread - March 11th, 2024","# Today is Monday, the 11th of March



## Upcoming events for Monday, March 11th

 - Stock splits:

    - AFMD @ **1:10**
    - TORCF @ **1:10**

 - Expected earnings:

  ABL, AGRI, ALLK, ALTO, ANNX, ASAN, ASRT, AULT, AVD, AVO, AZUL, BFRI, BLDP, BODI, BRTX, BTM, BWMN, BZFD, CANG, CASY, CDIO, CDMO, CDT, CIA, CLNN, CPHI, CRT, CRVO, CSAN, CTGO, CTMX, CVGW, CYCC, DSKE, DTI, DWSN, EGRX, ELAB, ELTK, EL"
AAPL,RobinHood,"Ai + Tech is currently taking the market by storm, what‚Äôs next?","Not sure what the next push would be, but I‚Äôm heavily considering going in on AAPL considering they plan to go heavily into the AI space by 2027, could potentially see some huge gains"
AAPL,RobinHood,anyone else use robinhood roth ira?,"One of my ROTH accounts is with RH. My ETFs are VOO, JEPQ and XLY. My stocks are AAPL, TSLA and META all with $5 per day reoccurring investments and $150 every two weeks spread across all six."
CRM,RobinHood,"Daily Discussion Thread - March 8th, 2024","# Today is Friday, the  8th of March



## Upcoming events for Friday, March  8th

 - Stock splits:

    - AISSF @ **1:10**
    - GOEV @ **1:23**
    - CISO @ **1:15**
    - GXAI @ **1:12**
    - PGY @ **1:12**

 - Expected earnings:

  ALLR, AQN, ASTI, ATLO, ATLX, BKE, BPTH, BTDR, BYFC, BYU, CEPU, CING, CISS, CNTY, COCH, CRMT, DXYN, EDN, ELVN, GCO, GLPG, GORV, GRI, HIBB, HURC, JANX, JKS, KALA, KR"
UNH,RobinHood,"Daily Discussion Thread - March 7th, 2024","# Today is Thursday, the  7th of March



## Upcoming events for Thursday, March  7th

 - Stock splits:

    - IGM @ **6:1** (Payable date: 3/06/2024)
    - IGV @ **5:1** (Payable date: 3/06/2024)
    - SOXX @ **3:1** (Payable date: 3/06/2024)
    - IYT @ **4:1** (Payable date: 3/06/2024)
    - IYK @ **3:1** (Payable date: 3/06/2024)
    - IYG @ **3:1** (Payable date: 3/06/2024)
    - IHF @ **5:1*"
UNH,RobinHood,"Daily Discussion Thread - March 6th, 2024","# Today is Wednesday, the  6th of March



## Upcoming events for Wednesday, March  6th

 - Stock splits:

    - APVO @ **1:44**
    - CPHI @ **1:5**

 - Expected earnings:

  AEYE, AIRG, ALVO, ALVR, AMPY, ANAB, ANF, ARMN, ARR, ATRA, AVHI, BF.A, BF.B, BRCC, BRY, BURU, BWAY, CDXC, CERE, CMPO, CPB, CULP, CYN, DM, DSGX, EARN, EBS, EHAB, ESCA, EVA, EVGO, EWCZ, FAT, FATBB, FL, FOA, FRPH, FSM, GBNY, GEN"
AAPL,RobinHood,New to options. Why is this not going through? ,"Market opens at 9:30 EST, but it will not likely go through if AAPL stays green premarket.  You will have to put a new price or just wait it out and hope AAPL goes back down a bit | It won‚Äôt considering AAPL is currently up 0.58% pre market.  If it stays, it won‚Äôt go through."
HON,RobinHood,"Daily Discussion Thread - February 29th, 2024","# Today is Thursday, the 29th of February



## Upcoming events for Thursday, February 29th

 - Stock splits:

    - CELU @ **1:10**
    - ZCMD @ **1:10**

 - Expected earnings:

  ABEV, ABUS, ACIC, ACIW, ADM, ADSK, ADV, AINC, AKLI, AMRN, AMWD, ANIP, ARGX, ARLO, AVPT, BBWI, BBY, BCAL, BCO, BFX, BHM, BHR, BIRK, BLFS, BPT, BTSG, BUD, BVN, CALC, CAPR, CCIF, CCOI, CDRO, CELH, CERT, CKX, CM, CMPS, CMRX"
MSFT,RobinHood,"Plan to hold these out long term, what do you think?","Aside from MSFT and the bottom two ETFs, no one has a clue what the long term prospects for these companies are. They are not buy it and forget it type holdings."
HON,RobinHood,"Daily Discussion Thread - February 28th, 2024","# Today is Wednesday, the 28th of February



## Upcoming events for Wednesday, February 28th

 - Stock splits:

    - ATNF @ **1:19**
    - FNRN @ **105:100** (Payable date: 3/25/2024)
    - NVGLF @ **1:10**

 - Expected earnings:

  AAON, AAP, ACEL, ACMR, ACR, ADMA, ADT, AHT, AI, ALEX, ALKT, ALVR, AMC, AMRC, APG, ARC, ARIS, ARR, ASTE, ATRA, ATRO, AVDX, AVHI, AVIR, BAND, BATRA, BATRK, BBSI, BFLY,"
HON,RobinHood,"Daily Discussion Thread - February 27th, 2024","# Today is Tuesday, the 27th of February



## Upcoming events for Tuesday, February 27th

 - Stock splits:

    - AUUD @ **1:25**
    - DRETF @ **1:2**
    - IFBD @ **1:8**
    - PHUN @ **1:50**
    - TGL @ **1:70**

 - Expected earnings:

  A, ACAD, ACHC, ACON, ADCT, ADTX, AEI, AEP, AESI, AGL, AGO, AHCO, AIRS, ALBT, ALC, ALEC, ALHC, ALLO, ALT, ALTI, AMBA, AMBC, AMPH, AMT, APLS, ARKO, ARQQ, ARQT,"
HON,RobinHood,"Daily Discussion Thread - February 26th, 2024","# Today is Monday, the 26th of February



## Upcoming events for Monday, February 26th

 - Stock splits:

    - LSDI @ **1:10**
    - TSLY @ **1:2**
    - WMT @ **3:1** (Payable date: 2/23/2024)

 - Expected earnings:

  AAN, ABL, ACHR, ADTN, ADUS, AES, AIN, ALUR, AMR, APGE, API, ASUR, ATIP, ATRI, ATSG, AULT, BCRX, BEEP, BGNE, BRFS, BRTX, BTM, CAPL, CARG, CBD, CCO, CDIO, CDT, CGBD, CISO, CPHI, CR"
INTC,RobinHood,Just started investing. Currently 26 and will contribute 4-500 per month. Any recommendations are welcomed,"BRK-b, SPY, WCBR, PANW, IBM, GOOGL, AAPL, AMD, ARM, INTC, WMT, SCHD, VTI

![gif](emote|free_emotes_pack|upvote)![gif](emote|free_emotes_pack|upvote)![gif](emote|free_emotes_pack|upvote)"
WMT,RobinHood,"Daily Discussion Thread - February 23rd, 2024","# Today is Friday, the 23rd of February



## Upcoming events for Friday, February 23rd

 - Stock splits:

    - ALCUF @ **2:5**
    - BVNNF @ **1:20**
    - BPTH @ **1:20**
    - WDFCF @ **1:10**
    - LYT @ **1:60**
    - TRIB @ **1:5**

 - Expected earnings:

  AER, AGM, ATLO, ATLX, AU, BH, BH.A, BLMN, BRK.A, BRK.B, BTCM, BYFC, CCEP, CISS, CLMT, COCH, DCBO, DSX, ELVN, FMX, FYBR, GB, GHC, GLPG, "
MSFT,RobinHood,beginner that needs advice.,"As you are just starting out and likely younger, you are in a better position to take some risks and‚Äôs still be conservative with the bulk of the funds you‚Äôve allotted to reach your goal.
As to which stocks?  
My  winners have been:
AMZN, GOOGL, MSFT, SPY, WDC

Newest big winner: VERA

My stagnated stocks that I will likely sell if no positive moves by the end of the next quarter.
BA, TTWO, UNP

I"
MSFT,RobinHood,I have the goal of getting to 200k by end of 2024. I can deposit 3.5k monthly. Any suggestions?,you have to increase that MSFT shares before they split
JNJ,RobinHood,"Daily Discussion Thread - February 16th, 2024","# Today is Friday, the 16th of February



## Upcoming events for Friday, February 16th

 - Stock splits:

    - DOSEF @ **1:10**
    - SISI @ **1:10**

 - Expected earnings:

  ABR, ASIX, ATLO, ATLX, AXL, B, BCPC, BYFC, CISS, CNK, COCH, DTM, ELVN, HR, LBRDA, LBRDK, LPL, MCVT, MGRX, MMI, NHC, NPK, NWG, PKX, POR, PPL, TDS, THS, TRP, USM, VBFC, VMC

 - Ex-div:

  AB, ALX, AMNB, APO, AUDC, AVIFY, AWR"
JNJ,RobinHood,"Daily Discussion Thread - February 15th, 2024","# Today is Thursday, the 15th of February



## Upcoming events for Thursday, February 15th

 - Stock splits:

    - JZ @ **1:3**
    - MYMD @ **1:30**

 - Expected earnings:

  ADM, AEL, AEM, AGIO, AL, ALKS, ALLT, ALNY, AMAT, AMN, AORT, APPN, ARCH, ASAI, ATRC, AUPH, BCAL, BE, BFX, BHM, BIO, BIO.B, BJRI, BLZE, BORR, BPMC, BPT, CALC, CATX, CBRE, CBZ, CEG, CGNX, CKX, CLBT, CMBM, COEP, COHU, COIN, CO"
HON,RobinHood,"Daily Discussion Thread - February 14th, 2024","# Today is Wednesday, the 14th of February



## Upcoming events for Wednesday, February 14th

 - Stock splits:

    - EJH @ **1:5**
    - MLLOF @ **1:7**
    - DTIL @ **1:30**
    - VENZF @ **1:10**
    - VRM @ **1:80**

 - Expected earnings:

  ACGL, ADPT, AEMD, ALB, AM, AMWL, APP, AR, ARMN, ATEX, ATMU, ATRA, ATUS, AUR, AVHI, AVNT, AVTR, AWK, AYTU, BGC, BXMT, BYRN, CAE, CC, CCRD, CEVA, CF, CHEF,"
CSCO,RobinHood,"Daily Discussion Thread - February 13th, 2024","# Today is Tuesday, the 13th of February



## Upcoming events for Tuesday, February 13th

 - Stock splits:

    - CRTTF @ **1:15**
    - LBCMF @ **1:10**
    - HELOF @ **1:3**

 - Expected earnings:

  ABAT, ABNB, ACON, ACST, ADC, ADTX, AEI, AIG, AKAM, AKR, AKTS, ALBT, ALSN, ALTI, AMX, AN, ANGI, ASC, ASST, ATOM, AZTR, BENF, BFAM, BFRG, BIIB, BL, BLIN, BOF, BRKR, BTCY, CART, CARV, CHCT, CLDI, CLOE"
AMGN,RobinHood,"Daily Discussion Thread - February 12th, 2024","# Today is Monday, the 12th of February



## Upcoming events for Monday, February 12th

 - Stock splits:

    - ASMB @ **1:12**
    - CYA @ **1:20**
    - SGLY @ **1:10**

 - Expected earnings:

  ABL, ALUR, ALX, AMST, ANET, APGE, ARKR, ASPN, ASTC, BBGI, BEEP, BHF, BLKB, BNTC, BRTX, BRX, BTM, CAR, CDIO, CDNS, CISO, CPHI, CRT, CRVO, CSAN, CTGO, DDL, DJCO, DLA, DSKE, DTI, DTSS, EDRY, ELVA, EQC, ESO"
DIS,RobinHood,Considering liquidating my account and investing in safer mutual funds now that account is up. Advice? Here‚Äôs my portfolio.,"If this was me and my account, this is what I would do. 


Keep the following 
META RIVN NETFLIX HOOD KO AAPL PFE TSLA DIS UAL 
Keep 10 AMD 
Keep 5 NVDA

Sell the rest. Invest into VTI. And then slowly grow all your positions."
MCD,RobinHood,What other stocks should I invest in as a 19 yr old,"Maybe diversify into a different sector. MCD, SBUX, CMG for food, KO, or PEP for drinks, V, and MA are good for finance. Maybe look into a couple REITs? I like ARI, but they have been a little shaky. REIT ETFs are a safer bet. Finally TQQQ or SVIX if you are looking for very aggressive leverage, but keep in mind, either may go to 0 given a big enough crash. Wouldn't put more than you are willing t"
IBM,RobinHood,"Daily Discussion Thread - February 8th, 2024","# Today is Thursday, the  8th of February



## Upcoming events for Thursday, February  8th

 - Stock splits:

    - SMREF @ **1:3**
    - XNDRF @ **1:10**

 - Expected earnings:

  ABG, ACB, ADM, AENT, AFRM, AIRC, APDN, APO, ARES, ARW, ATR, AXTA, AZN, BAP, BAX, BCAL, BCE, BDC, BFX, BHM, BILL, BIOX, BN, BNRE, BPT, BTI, BTU, BWA, BYD, CALC, CCJ, CDP, CIGI, CIVB, CKX, CLSK, COEP, COP, CPRI, CRIS, CS"
DIS,RobinHood,"Daily Discussion Thread - February 7th, 2024","# Today is Wednesday, the  7th of February



## Upcoming events for Wednesday, February  7th

 - Expected earnings:

  ACLS, ADNT, ALL, APPS, ARCC, ARM, ASGN, ASND, ATS, AVXL, AZTA, BABA, BAM, BARK, BBD, BBDO, BERY, BG, BKH, BLBD, CDW, CENT, CENTA, CFLT, CG, CMP, CMRE, COTY, CPA, CRTO, CSGS, CUZ, CVS, CXW, DAY, DHX, DIS, EEFT, EFX, EG, EGP, EHC, EMR, ENS, ENTA, EPC, FAF, FLNC, FLNG, FLT, FORM, FO"
INTC,RobinHood,"Daily Discussion Thread - February 6th, 2024","# Today is Tuesday, the  6th of February



## Upcoming events for Tuesday, February  6th

 - Expected earnings:

  AAT, AB, ACT, AEIS, AFG, AGCO, AIZ, AKTS, AMCR, AME, AMGN, AMRK, AOSL, ARCB, ARI, ARMK, ARWR, ASTL, ATEN, ATHM, ATO, AUDC, AVNW, AZEK, AZPN, BP, CARR, CAVA, CEIX, CFBK, CHKP, CINF, CMG, CMI, CNC, CNO, CRNC, CRUS, CSL, CTS, CTSH, DCPH, DD, DEI, DHT, DIOD, DLA, DOX, DRUG, ELF, ENPH, EN"
INTC,RobinHood,"Daily Discussion Thread - February 5th, 2024","# Today is Monday, the  5th of February



## Upcoming events for Monday, February  5th

 - Stock splits:

    - FRGT @ **1:10**
    - GTBP @ **1:30**
    - VLCN @ **1:45**

 - Expected earnings:

  ACM, ALCO, ALGT, AMG, AMKR, APD, BOTJ, BOWL, BRBR, BSBK, CAT, CBT, CCK, CHGG, CHX, CNA, COHR, CTGO, DSKE, EL, FLXS, FMC, FN, GAME, GBDC, GHM, GLAD, HI, IDXX, ITUB, IVAC, JJSF, KE, KFRC, KRC, L, LICY, M"
JNJ,RobinHood,Just put my first $100 on this,vanguard would have been better cause you would have received dividends. But personally JNJ is way better cause of how good their dividends are
MCD,RobinHood,"Daily Discussion Thread - February 2nd, 2024","# Today is Friday, the  2nd of February



## Upcoming events for Friday, February  2nd

 - Stock splits:

    - BSGM @ **1:10**
    - CAMP @ **1:23**
    - GNPX @ **1:40**
    - HOLO @ **1:10**

 - Expected earnings:

  ABBV, AON, ATLO, ATLX, BBU, BEP, BEPC, BMY, BSAC, CBOE, CHD, CHTR, CI, CISS, CPLP, CVX, GRC, GWW, IESC, IMO, IMVT, JOUT, LYB, MFG, MGRX, PIPR, PKX, REGN, SAIA, SCCO, TWST, UI, USL"
AXP,RobinHood,"Daily Discussion Thread - January 26th, 2024","# Today is Friday, the 26th of January



## Upcoming events for Friday, January 26th

 - Stock splits:

    - TC @ **1:15**

 - Expected earnings:

  ALV, ATLO, ATLX, AXP, BAH, BFIN, BKU, BMI, CCB, CL, CWBC, DCOM, FCNCA, FHB, FNCB, GNTX, IBN, IROQ, LCNB, MBCN, MGRX, MOG.A, MOG.B, NSC, NWFL, OPY, OXLC, PKX, PVBC, RBCAA, SBSI, SFBC, SPFI, STEL, TMP, VBFC

 - Ex-div:

  CFGW, CZNC, DMLP, ENLC, FNEVY"
INTC,RobinHood,"Daily Discussion Thread - January 25th, 2024","# Today is Thursday, the 25th of January



## Upcoming events for Thursday, January 25th

 - Stock splits:

    - INO @ **1:12**
    - KAVL @ **1:21**
    - REVB @ **1:30**

 - Expected earnings:

  AAL, ABCB, ACNB, ADM, AIT, AJG, ALK, AMAL, APPF, ASB, BAFN, BANC, BCAL, BCBP, BCML, BFH, BHLB, BPOP, BPRN, BRID, BX, BY, CALB, CARE, CASS, CBFV, CFR, CHMG, CLST, CMCSA, CNOB, CNX, COF, CRS, CSTR, CUBI"
INTC,RobinHood,"Daily Discussion Thread - January 24th, 2024","# Today is Wednesday, the 24th of January



## Upcoming events for Wednesday, January 24th

 - Stock splits:

    - INSG @ **1:10**
    - UNG @ **1:4**

 - Expected earnings:

  ABT, ALRS, AMP, AMTB, APH, ASML, BLFY, BOKF, BOOT, BRKL, BWB, BWFG, CACI, CASH, CATY, CBAN, CCI, CFFN, CLBK, CNS, CNXC, COFS, COLB, CSX, CVBF, EDU, EGBN, ELV, EQBK, ESQ, ESSA, ETD, FBMS, FBP, FCCO, FCX, FDBC, FMNB, FNLC, "
JNJ,RobinHood,"Daily Discussion Thread - January 23rd, 2024","# Today is Tuesday, the 23rd of January



## Upcoming events for Tuesday, January 23rd

 - Stock splits:

    - DTSS @ **1:15**

 - Expected earnings:

  ASRV, AUB, BFST, BKR, BSET, BUSE, CBU, CCBG, CFFI, CHCO, CNI, CVLG, DHI, ERIC, EWBC, FBNC, FCBC, FOR, FRAF, GATX, GE, HAFC, HAL, HTBI, ISRG, IVZ, JNJ, LBC, LMT, LRN, MMM, MMYT, NBHC, NBTB, NFLX, ONB, ORRF, PCAR, PEBO, PFC, PG, QCRH, RNST, RTX, S"
UNH,RobinHood,"Daily Discussion Thread - January 12th, 2024","# Today is Friday, the 12th of January



## Upcoming events for Friday, January 12th

 - Stock splits:

    - EFTR @ **1:25**
    - KYOCY @ **4:1** (Payable date: 1/11/2024)

 - Expected earnings:

  BAC, BK, BLK, BMRA, C, DAL, HDB, JPM, PCYO, PLG, TRX, UNH, UNTY, VMAR, WFC, WIT

 - Ex-div:

  ABBV, ABBV, ADOOY, ALG, AMNA, AMND, AMRK, ARR, BDCX, BDCZ, BFS, CEFD, CEPU, CFBK, CLM, CRF, DMF, DSM, DT"
UNH,RobinHood,"Daily Discussion Thread - January 11th, 2024","# Today is Thursday, the 11th of January



## Upcoming events for Thursday, January 11th

 - Stock splits:

    - LECIY @ **104.17:100** (Payable date: 1/22/2024)

 - Expected earnings:

  BBCP, EDUC, INFY, LOOP, NTIC, OGI, RFIL, RMCF, TSM, WAFD

 - Ex-div:

  AAP, ABT, ACA, ACV, AFG, AILIH, AILIM, AILIN, AILIO, AILIP, AILLI, AILLM, AILLN, AILLO, AILLP, AIO, APO^A, ARBKL, ASHTY, ATCOL, ATLCL, AVK"
UNH,RobinHood,"Daily Discussion Thread - January 9th, 2024","# Today is Tuesday, the  9th of January



## Upcoming events for Tuesday, January  9th

 - Stock splits:

    - TTNP @ **1:20**

 - Expected earnings:

  ACI, AEHR, AYI, AZZ, CAMP, ETWO, LEDS, MSM, NEOG, PKE, PSMT, SAR, SGH, SNX, TLRY, TSRI, VOXX, WDFC

 - Ex-div:

  BACRP, BRC, CIO, CNLHO, CNLPM, CNLTL, CNLTN, CNLTP, CNPWM, CNPWP, CNTHN, CNTHP, DBRG^H, DBRG^I, DBRG^J, DHRPY, DRI, DTRL, GIS, IBDR"
V,StockMarket,"Alphabet Inc (GOOG) CEO Sundar Pichai Sells 22,500 Shares","He's heavily compensated in stock, this is one way he gets 'paid'. He's also diversifying instead of having all of his eggs in one Google Basket.

Very very normal."
DOW,StockMarket,Dividend as Income - Inflation and Capital Preservation,"SCHD only goes back to 2012, but you should be able to backtest it with portfoliovisualizer. SCHD has been increasing their dividends because the underlying stocks they hold has been increasing dividends. 

SCHD itself is basically just large cap value dividends stocks that track the DOW dividend 100 index, so you might be able to find some backtests against the DOW dividend 100 for comparison."
V,StockMarket,Something Flipped Today,"Yeah, it's going to be hard to get those who are set to change their mind, but a Fed driven selloff is at the very least, taking oil and crypto with it as well and those two things didn't sell off yesterday.

I actually kinda wonder, although vol (kinda, VIX futures are at least a little sticky, the VIX itself is weaker) and stocks disagree with me, if whether you're seeing some weekend worry prem"
DOW,StockMarket,US30 DOW chart before and afterüî•‚ù§Ô∏è,
V,StockMarket,Market Truly is Risk Free,"Hope you didn't get fooled by Yesterday's fakeout. Already the V. lmao. This thing will never stay down for more than 5 minutes. Now that we got that out of the way can continue pumping to new ATH.

You can actually see how impossible it is for this thing to go down. It pumps so effortlessly | Just take a look at the sentiment in just the last two days.  That was another bs fire sale to shake out regular people's life savings. Even with an unbelievably good job report, everyone is still saying it's a bad thing for the economy and rates.  All nonsense. See you when the Dow passes 41k+ this year. Vote Blue and enjoy the green."
V,StockMarket,These are the stocks on my watchlist (4/4),"I am kinda new to this, holding for short will be for how many days? You saying we can buy the stocks when the market open and hold. Stocks like LEVI. | Nice trades on LEVI and LW"
V,StockMarket,Tell me why this is a half-baked nutty cake: Short Straddles against Long Straddles,"Which mean are you talking about?

This strategy hopes for large movement in underlying and/or increase in IV.  The shorts up front are only to mitigate stagnant prices, if they exist after entering the longs."
KO,StockMarket,Why do the markets frequently tank on up days around 2:30-3pm?,"You can add today's, peak is 13700% 0DTE

[https://imgur.com/wIPLhKO](https://imgur.com/h1cOWWc)"
DIS,StockMarket,Ongoing Disney shareholders meeting: Disney shareholders officially voted to reject Nelson Peltz & elect Iger & the Disney board. Shareholders sided with the Disney board against proposals not backed by the board,Good thing I sold all my DIS stock ;) (not that I would make a difference :p)
BA,StockMarket,These are the stocks on my watchlist (4/2),"There are lot of Good Screeners out there. How do you filter stocks matters a lot. How do u get Gems out of the pool. MOD, GCT , AUR are 3 of the Long plays amongst many.

I have a complete course made on how to pick and filter those diamonds and complete buying strategies. 

  
https://www.udemy.com/course/disciplined-approach-to-build-wealth-from-stock-market/?referralCode=5DA6E8B4F0890A05BA0C"
AAPL,StockMarket,Need some advice on AAPL LEAPS,Sell now. AAPL is in a downtrend. I like the company but economy not supporting high valuations.
V,StockMarket,New equity to add to my portfolio? Opinions. ,Just buy VTI
HD,StockMarket,Tesla shares fall after deliveries drop 8.5% from a year ago,Elon that autistic coke snorting mofo needs somebo
MMM,StockMarket,Please explain this 3M corporate action ,[https://www.reddit.com/r/options/comments/rtblxq/
DIS,StockMarket,Rate My Portfolio - r/StockMarket Quarterly Thread April 2024,Link to Portfolio: [https://imgur.com/a/t6RlRgG](h
AAPL,StockMarket,Biggest AI play hiding in plain sight?,I like how a company that will partner with AAPL w
BA,StockMarket,Those who invested in AutoZone (NYSE:AZO) five years ago are up 201%,"[Even just investing in popular tech sector stock,"
MSFT,StockMarket,Why 15 Analysts Raised Their Nvidia Stock Price Targets in March,They probably read the news that MSFT wants to inc
BA,StockMarket,Snowflake CEO Makes Bold Move with $5 Million Stock Purchase,Not that bold given what a small % of his net wort
DIS,StockMarket,(Poll) who will win the upcoming April 3rd Disney shareholder meeting and what is the impact it will have on the stock.,"Income is completely sniped
https://www.macrotrend"
BA,StockMarket,Any advice to keep up my growth?,U have some good stocks in your portfolio. Keep ad
MSFT,StockMarket,Advice would be good,The only stocks I like is and I would diversify it | Contrary to these opinions from others - you don‚Äôt
MSFT,StockMarket,What do we think triggering this bull run of ‚Äò24,1) EPS growth is expected to broaden and accelerat
CSCO,StockMarket,19 year old and this is my first week in the stock market. These are the 6 stocks I bought with the ~$1880 I have to my name. First week results. Have I made good decisions?,NVDA earnings are still growing and P/E is reasona
AAPL,StockMarket,I could use some input,You‚Äôre down 13% on Tesla and 5% on AAPL.  Had they
CSCO,StockMarket,Buy more CamTek?,"I've seen the movie before too, and while I agree "
MMM,StockMarket,3M‚Äôs Healthcare Spinoff Stock Is Trading. This Is What It‚Äôs Worth.,"Confused. 

2 MMMs trade from March 26 to 28.

 Wh | You and me both. In the past, I haven't done very  | I suppose it's a nice 'bonus' -- just not clear ho"
UNH,StockMarket,Anyone who are looking at Surgery Partners Inc?,UNH is better.
DOW,StockMarket,GameStop squeezing ahead of earnings,"CANT STOP

WONT STOP

DOWN 80%

shit"
INTC,StockMarket,"Daily General Discussion and Advice Thread - March 25, 2024",Whats everyone's thoughts on the AMD & INTC situat
KO,StockMarket,Voo,"Speaking my language, I‚Äôm big on MCD, MAIN, QQQ, a"
DOW,StockMarket,S&P up 130% in 4 years. Timing the market vs Time IN the market...,"You are PARANOID

If history hasn‚Äôt proven what go"
MMM,StockMarket,"Boeing, BABA, 3M: A lesson in holding blue chips",I think both BA and MMM suffered from the same pro | Who's gonna tell him MMM is up 16% in the last mon
VZ,StockMarket,Reddit IPO and Price Outlook,I think the RDDT IPO is about greed that may destr
CSCO,StockMarket,Nvda,"Valid concern, but it is a good problem to have. T"
INTC,StockMarket,"Daily General Discussion and Advice Thread - March 21, 2024","but what are they called (ex. Nasdaq, NYSE, SEHK, "
NKE,StockMarket,Nike Earnings Tomorrow? Do They Beat? Leave Your Thoughts Below üëá,"$NKE #earnings after close, the expectation from t"
INTC,StockMarket,Market up but INTC (Intel) is down after getting 8.5B from government?,You should assume the market is manipulated badly. | They literally spent almost $15B just in 2020 to b | I will not get tired of saying: FORGET INTC. You w | Oh they were happy to invest the money in themselv
MMM,StockMarket,Here's Why You Should Hold 3M (MMM) in Your Portfolio Now,
INTC,StockMarket,How does this work?,"today open some INTC shares, wish me luck"
HD,StockMarket,Seeking Guidance: Young Investor Looking to Secure Retirement with Roth IRA,Just keep putting money into VOO and SCHD?
GS,StockMarket,These are the stocks on my watchlist (3/19),GSN?
VZ,StockMarket,PayPal Stock Breaking Out of this Pattern for 3 Confirmed Days,Don‚Äôt waste your time with these fools. They‚Äôre th
DIS,StockMarket,Nelson Peltz Trian suffers from investor exodus and internal turmoil over the roles of his three sons in the company.,nvr heard of Peltz til he started to bid hard for 
IBM,StockMarket,Ozempic stock is freaking insane.. what‚Äôs next?,QBTS will be bought by IBM
CSCO,StockMarket,Nvidia : your two cents ,Isn‚Äôt this sounding like CSCO back in the dot com 
MMM,StockMarket,3M Company (MMM) is Attracting Investor Attention: Here is What You Should Know,>3M Company (MMM) is Attracting Investor Attention
CRM,StockMarket,Which companies could be worth looking into in relation to the recent AI-rocket?,"AMAT  SANM

ADBE (weirdly)

CRM  CXM

ORCL ( more "
DIS,StockMarket,Streaming Services a BUY right now? (WBD & DIS),"I like both WBD and DIS but they‚Äôre going through  | Totally agree about WBD but they‚Äôre actively tryin | YoY Q4 from 2022 - 2023 EITBA for DIS was up by $1 | DIS owns much of Sports streaming through ESPN.  
"
KO,StockMarket,Why buy S&P500 when most of the tech companies grow 100x faster?,‚Äú¬†The total return for¬†Coca-Cola (KO)stock is¬†2.22 | If you can see the future and pick out those that 
IBM,StockMarket,Opinion: Google Leadership should be held responsible for a recent Gemini (prev Bard) mishap!,exactly. Google had a net income of over $70B. Yet
AMGN,StockMarket,Investing tips,"AAPL, AMGN, REGN, LLY, BDX, ROST. I‚Äôve done ok. :-"
GS,StockMarket,Why Has Google Been Dropping So Much?,He should be fired.  He's one of the worst CEOs ou
KO,StockMarket,Natural gas?,Zoom out KOLD. | BOIL.  Lost quite a bit.  KOLD was and probably st
JPM,StockMarket,How to find stocks with this type of historical graph shape?,>It‚Äôs a great app/website. But its data lags behin
WBA,StockMarket,These are the stocks on my watchlist (2/21), Should I throw money into WBA or nah? I'm dumb te
JNJ,StockMarket,How to prepare for a stock market crash?,I was thinking about the market in that way too.  
KO,StockMarket,Best fund allocation?,[https://x.com/int_machines?s=21&t=rNmkWFKOGzPbL1R
HON,StockMarket,How often do you invest?,"Good question,  when I started, I contributed $100"
JPM,StockMarket,What should I add? Had some good returns so far.,I‚Äôm doing some BRKB and JPM next week
GS,StockMarket,Tesla analysts low side‚Ä¶,Tesla raised prices during a time of essentially f
UNH,StockMarket,Seeking advice/criticism: 19 year old college student,"my best performers have been AAPL, AVGO, and UNH. "
GS,StockMarket,OpenAI CEO Sam Altman seeks as much as $7 trillion for new AI chip project,if the GLOBAL ECONOMY is producing MORE STUFF then
WBA,StockMarket,What Walmart‚Äôs ($WMT) stock split means for the Dow Jones.,I‚Äôm not sure WMT splits will change anything- like
WMT,StockMarket,WMT: a scenario bouncing around my head,
VZ,StockMarket,Help diversifying,"You have a solid foundation, sure you can buy a fu"
CSCO,StockMarket,Stock Certificate Gift,Wait do you still have half? Because CSCO is tradi
PG,StockMarket,Just Nvidia - Your opinion,Amd has GPUs and FPGA.  No networking and no stack
CVX,StockMarket,CVX earnings call,
JPM,StockMarket,Ozempic market Novo Nordisk hits the $500 billion club (second euro to do it after LVMH). Currently third largest ex-US company,I agree for the most part with what you say but wo
PG,StockMarket,"Daily General Discussion and Advice Thread - January 30, 2024","Buying $IPGP.

-Got a few updates from tier 1 bank"
CVX,StockMarket,Stock Ownership - Dividends vs Capital Gains,"And there you have it. CVX delivers good numbers, "
VZ,StockMarket,"Looking for advice regarding my profile ($CGX, $CYBN, $FLT, $FTFT, $MMED, $NIO, $NUMI, $TLRY)",My thought?  Honestly at the moment I see the enti | Your legend! VZ has a huge potential! I will wait 
JPM,StockMarket,Warren Doesn't Like Diversification,There‚Äôs an ole saying out there that the greatest 
CAT,StockMarket,Why is LIT tanking?,This equities in the ETF are literally in the digg
AMGN,StockMarket,"Found in my mother's files. She still has these shares; they've become 16,000 shares worth $2.2 million. If you want to retire well, kids, don't try to time the market; just buy well-run companies and hold them.","AMGN, LLY, REGN, BDX in the 80‚Äôs & 90‚Äôs & still ho"
PG,StockMarket,Tech bubble 2.0?,SCHD 50% / Fidelity FSPGX 40% (Same as SCHG) / SSO
MCD,StockMarket,"Starting investing at 13, now 17 and invested the money I can. Thoughts on my portfolio? (Be Brutal)","Just buy VTI

edit: and get rid of all the other s"
JPM,StockMarket,"Please give criticism to this portfolio (I am intentionally excluding emerging markets to avoid the risk involved), thanks.",Google JPMs guide to the markets. Look at their lo
PG,StockMarket,"College freshman, just turned 18 any advice welcome","Cut QQQ , FXAIX, VOO and put into FSPGX INSTEAD,,,"
WMT,StockMarket,Very new to 401k did I make the right call,That‚Äôs the idea but there have been plenty of inst
VZ,StockMarket,"I started investing 12 years ago and here's how my ""buy and hold"" strategy is performing vs. SP500 TR.","> Started with BAC, INTC, MSFT, ARI, NOK, F, and S | Purely speculative when they were the 3rd viable c"
V,WallStreetBets,Tesla Regained Its World's Top EV Seller Crown,
V,WallStreetBets,Elon says ROBOTAXI will be unveiled August 8th,"Cruise worked better than FSD and still got banned | [I found the unveiling video](https://youtu.be/xVr | Thing is the overpromised hypes

4680 batteries de | [his inspiration](https://youtu.be/xVrJ8DxECbg?si= | I'm not sure where you're pulling the 55mph number"
BA,WallStreetBets,I belong here. ,https://preview.redd.it/dpphzfef6qsc1.jpeg?width=1
V,WallStreetBets,"Put $70,000 into DJT Options This Week",I think my trade would have made a lot more if the
KO,WallStreetBets,How to avoid chasing losses,Markets are at all time highs. You could buy any b
V,WallStreetBets,Yolo spy puts,I‚Äôm in but long term. I was in 4 days ago and that
INTC,WallStreetBets,"Weekend Discussion Thread for April 5, 2024","say what you want, INTC CEO Pat Gellsinger's $200 "
IBM,WallStreetBets,Say it with me: üëè DIVIDENDS üëèCOME üëèOUT üëèOF üëè THE üëè COMPANY'S üëè CASH üëè AND üëè AREN'T üëè VALUE üëè ADD.,> Also just no to this. That is not what they are 
DOW,WallStreetBets,Uber is 100% going to miss earnings. Badly.,I personally drive for UberEats and post in variou
BA,WallStreetBets,How can I profit off of the Texas solar eclipse on 4/8?,Order a bunch of faulty sunglasses from Alibaba at
MCD,WallStreetBets,Me updating my resume after losing everything on SPY calls yesterday,MCD is hiring for $20/hour in CA
AAPL,WallStreetBets,Today's game - strong buy signals from the market,AAPL is safer than the first two.  I don't track C
DOW,WallStreetBets,"US economy adds 303,000 jobs, unemployment falls to 3.8% in March as labor market continues to impress","It‚Äôs all part time jobs. Go read the actual report | ""They also revised last month DOWN significantly""
 | The number of unemployed people who desire a full "
AAPL,WallStreetBets,"Daily Discussion Thread for April 5, 2024","Need AAPL 185 by End of Month or I can't pay these | AAPL UP .5% lets go ![img](emote|t5_2th52|27421) | The earthquake was the sound of my balls slapping  | i have a dream that one day, AAPL will stop fuckin"
MSFT,WallStreetBets,Goldman Sachs and Morgan knowingly offering scams (Archegos)to unload on retirement funds and public. Goldman‚Äôs SMCI offering is the next?,Not even remotely a clue.  I‚Äôd rather just buy clo | I'd be too wary to offer advice when things are at
MSFT,WallStreetBets,You guys are freaking out over nothing.,It seemed to me that people were banking on specif
CVX,WallStreetBets,Stock market is going to crash - Here's why - Thank me in 3 months from now,"XOM, CVX, OXY"
DIS,WallStreetBets,Disney announces a crackdown on password sharing is coming soon,If $DIS can make me thousands. I‚Äôll pay for a $10 
UNH,WallStreetBets,Helping People Understand Deciding on Options vs Shares $ Wise,"Lately, there have been at least one of these trad"
INTC,WallStreetBets,AMD - don't buy the dip,Today's price drop is more likely off the back of  | While it‚Äôs not fair to say that absolutely nothing
AAPL,WallStreetBets,The big bad bear turns $200 into 10k this week,"Leverage.

This doesn't happen on all options.

So"
JPM,WallStreetBets,"What Are Your Moves Tomorrow, April 5, 2024",Leaving the $JPM Chase brochure out on my table bu
JPM,WallStreetBets,"Most Anticipated Earnings Releases for the week beginning April 8th, 2024","Positions in Citi.

DD: 
HSBC PT 70, buy rating (1 | BLK calls JPM CALLS WFC PUTS | Tiger says: Calls and shares on $JPM and $C. ü§åüíØü§ëüí∞! | Why short WFC but long JPM. One is a larger credit | With them being Thursday after hours I plan on add"
CAT,WallStreetBets,2k to 112k in a day (sold right after and it dipped a bit. Thanks SPY.,"IF YOU DO, ALLOCATE A SMALL PART OF YOUR PAYCHECK "
CVX,WallStreetBets,Fed‚Äôs Kashkari Floats Possibility of No Rate Cuts This Year,And the Iranians threatening Israel to bomb the co
DIS,WallStreetBets,From 800$ this morning to 7.5k RIDING SPY DOWN,Missed so many 10 baggers today on DIS because I‚Äôv
CSCO,WallStreetBets,Weed Stocks Already Got Smoked Twice - Low Risk My Ass,Isn't it an industry inside joke that you can tell
IBM,WallStreetBets,"DD: ""ADEA"", a sleeping giant chip designer currently toying with the big dogs.","If you Google ‚Äúhybrid bonding chip‚Äù, results come "
GS,WallStreetBets,"Daily Discussion Thread for April 4, 2024",BULLS WIN PIGS WIN BEARS GET SLAUGHTERED AHAHAH
NKE,WallStreetBets,Buy US Oil stocks,Of course I took 22% profit on my UCO positions 2 
GS,WallStreetBets,Disney You Idiots - Now You‚Äôre Definitely Fucked,*revived the Star Wars franchise from complete dis
KO,WallStreetBets,TKO YOLO 4/3 update,Nope. Riding til TKO hits $115 or going down in fl
GS,WallStreetBets,"What Are Your Moves Tomorrow, April 4, 2024","NVDA DED UNTIL EARNINGS | > Top US Egg Supplier ""Temporarily Ceases"" Operati"
HD,WallStreetBets,Cannabis - not too late to get high bros,Right now there is a huge shortage of ADHD drugs f
WMT,WallStreetBets,WMT gains üòÇ,Lol my WMT calls must be regarded
IBM,WallStreetBets,AAPL - buy the dip,"Owned AAPL since 2001, it has been a great ride bu"
CAT,WallStreetBets,Massive earthquake hits Taiwan -,CAT  ![img](emote|t5_2th52|29637)
MCD,WallStreetBets,Dow drops more than 400 points as Wall Street starts second quarter on a sour note,MCD et al really said the quiet part out loud when
MCD,WallStreetBets,Down 85k YTD Thanks To Options,I‚Äôm sure you know this but the price of a share do
CVX,WallStreetBets,Thank god for oil,Shorted CVX and XOM for 500 today
CAT,WallStreetBets,"Tesla misses deliveries, massive drop",The biggest loser is CATHIE
UNH,WallStreetBets,How do i unload  this  tomorrow ,One analysis has UNH as sell.  I wonder why?
HON,WallStreetBets,"What Are Your Moves Tomorrow, April 2, 2024",> \*XIAOMI JUMPS 15% IN HONG KONG AFTER UNVEILING 
PG,WallStreetBets,"Trump Media stock tanks as new filing reveals heavy losses, 'greater risks' on Trump's involvement",Just an affirmation to those who know better. In t
VZ,WallStreetBets,$BB: Blackberry - The ugly sister that you took to Prom who ended up being your bread-winner when you're going through your midlife crises.,"I'm with you in F, too! I'm still kicking myself f"
V,Investing,Is pattern trading a viable investment strategy?,"Not sure what you mean by ‚Äúthese patterns‚Äù.
ALL in"
V,Investing,what happens at a Shareholder meetings?,"The only ones I've been to were Colgate's, and it "
V,Investing,Roku stock and its great comeback,"I am an avid Roku customer and love it...

But the | It was the first good neutral (ie allowed to insta | I was roku ride or die for a while.  They made the"
BA,Investing,"Daily General Discussion and Advice Thread - April 05, 2024","Hi, 38m just started a new job. Am rolling my acco"
HD,Investing,Dividend vs Growth stocks,I disagree I own a lot of SCHD and I really enjoy 
JPM,Investing,Commercial real estate problems if rate cuts don't happen,Bit of an oversimplification.¬† Some commercial rea
UNH,Investing,All in on VOO at a 5 year market high ,I look at its top holdings that drive the momentum
HD,Investing,SCHD vs VT in traditional IRA?,No. Worry about total return. Pick something like  | Dividend stocks should be treated as regular stock | Or just pick $VT which has everything that‚Äôs in $V
DOW,Investing,What turns a green day red?,The DOW and S&P are negative over the last 30 days
BA,Investing,Korean stock exchange? How?,"Go to a Shinhan, woori, or other korean investment"
AAPL,Investing,Why does the DJIA matter?,I think you also need to address DJIA weighting co
HD,Investing,Why there is so little liquidity in pre/post market (to the last moment),The MM probably does not want to. Although automat
MMM,Investing,GE Valuation Question after SpinOffs,"SOLV is a spin-off go MMM, not GE.  Value of paren"
AAPL,Investing,What percentage cash do you like to keep on hand and ready to deploy for market pullbacks?,Roughly 3% of my portfolio is cash. I like to keep
GS,Investing,DJT is 1538.41 times Revenues while NVDA is 35.89 times Revenues according to Tikr,Here is a gift article from Bloomberg by Matt Levi
MSFT,Investing,Your opinion on holding $AMZN longterm,"One of the biggest lessons you will learn, for lon"
IBM,Investing,Is it easy to ‚Äúbeat the market‚Äù now?,"Have you ever heard of a company called IBM?¬†


Ed | They said this about behemoths like IBM, GE, AT&T  | Yeah I get that, I‚Äôm not saying I‚Äôm holding these "
MCD,Investing,"Daily General Discussion and Advice Thread - April 03, 2024","What is your average cost basis for your MCD and W | Okay, well, it's really up to you if you want to s | It looks a like healthy chunk got eaten by fees, a | You do not have enough information to make this cl"
AAPL,Investing,What‚Äôs people‚Äôs beef with Dividend investing?,"BRK comes to mind... well diversified, lots of ins"
WMT,Investing,COSTCO (COST) - Long Term,Definitely hold WMT too. That‚Äôs a forever hold. | Same question. Any news re a split? Or are people 
PG,Investing,MAEGX anyone-Blackrock unconstrained equity fund,There's not that many actively managed equity fund
CSCO,Investing,AI ‚Äúshovels in a gold rush‚Äù,"Apt analogy, but CSCO was a company which acquired"
CRM,Investing,What non-tech industry do you think will be the next boom/bubble?,Every industry going forward will need tech. I don
JPM,Investing,"What did you do with your existing investments during COVID, and how did that go?",I pulled most out in late 2019. Then in April 20 I
JNJ,Investing,"Daily General Discussion and Advice Thread - March 31, 2024","
Hello everybody - I am depositing 5k into a my br"
PG,Investing,Is a HYSA smart for a nest egg for my toddler and soon to be baby?,I do something similar for my two boys (3 and 1) ‚Äî
PG,Investing,Aggressive investment ideas ,My preference is large cap growth funds that have 
GS,Investing,"Daily General Discussion and Advice Thread - March 29, 2024",I sold a couple of positions last year held in my 
KO,Investing,Stock Price Difference Between Markets,sometimes internationally companies have completel
CVX,Investing,Dividend Portfolio - How to achieve $2000 in Annual Dividends?,I‚Äôve got 2.5Kbin annual. Little over $200 a month.
DIS,Investing,Multi-baggers: Whats your long term buy and hold play?,"PEP, NOW, NET, DIS, EADSY (AirBus), XAR, SCHD and "
